titulo,anio,genero,poster,banner,descripcion
The Revenant,2015,Drama,"https://m.media-amazon.com/images/M/MV5BMDE5OWMzM2QtOTU2ZS00NzAyLWI2MDEtOTRlYjIxZGM0OWRjXkEyXkFqcGdeQXVyODE5NzE3OTE@._V1_UX182_CR0,0,182,268_AL_.jpg","https://www.chicagotribune.com/resizer/PtM36rFkF3UU5Ct3S2ae1QP2TZU=/415x172/top/arc-anglerfish-arc2-prod-tronc.s3.amazonaws.com/public/3CZG7IRVDJG4TMJ3HPRXI55I5A.jpg","A frontiersman on a fur trading expedition in the 1820s fights for survival after being mauled by a bear and left for dead by members of his own hunting team."
Once Upon a Time in Hollywood,2019,Comedia,"https://m.media-amazon.com/images/M/MV5BOTg4ZTNkZmUtMzNlZi00YmFjLTk1MmUtNWQwNTM0YjcyNTNkXkEyXkFqcGdeQXVyNjg2NjQwMDQ@._V1_UX182_CR0,0,182,268_AL_.jpg","https://nosubmarinesdotcom.files.wordpress.com/2019/08/es-machista-once-upon-a-time-in-hollywood-tarantino.jpg","A faded television actor and his stunt double strive to achieve fame and success in the final years of Hollywood's Golden Age in 1969 Los Angeles."
Titanic,1997,Romance,"https://m.media-amazon.com/images/M/MV5BMDdmZGU3NDQtY2E5My00ZTliLWIzOTUtMTY4ZGI1YjdiNjk3XkEyXkFqcGdeQXVyNTA4NzY1MzY@._V1_UX182_CR0,0,182,268_AL_.jpg","https://img.cinemablend.com/filter:scale/quill/7/f/f/2/d/c/7ff2dca8b628deb838445a3dc2561d9889047620.jpg?mw=600","A seventeen-year-old aristocrat falls in love with a kind but poor artist aboard the luxurious, ill-fated R.M.S. Titanic."
Inception,2010,Acción,"https://m.media-amazon.com/images/M/MV5BMjAxMzY3NjcxNF5BMl5BanBnXkFtZTcwNTI5OTM0Mw@@._V1_UX182_CR0,0,182,268_AL_.jpg","https://i2.wp.com/cinefilosoficial.com/wp-content/uploads/2020/06/Inception-characters-film-crew.jpg?fit=1400%2C700&ssl=1","A thief who steals corporate secrets through the use of dream-sharing technology is given the inverse task of planting an idea into the mind of a C.E.O."
The Wolf of Wall Street,2013,Drama,"https://m.media-amazon.com/images/M/MV5BMjIxMjgxNTk0MF5BMl5BanBnXkFtZTgwNjIyOTg2MDE@._V1_UX182_CR0,0,182,268_AL_.jpg","https://d1nslcd7m2225b.cloudfront.net/Pictures/1024x536/7/4/9/1185749_The-Wolf-of-Wall-Street-3.jpg","Based on the true story of Jordan Belfort, from his rise to a wealthy stock-broker living the high life to his fall involving crime, corruption and the federal government."
The Great Gatsby,2013,Drama,"https://m.media-amazon.com/images/M/MV5BMTkxNTk1ODcxNl5BMl5BanBnXkFtZTcwMDI1OTMzOQ@@._V1_UX182_CR0,0,182,268_AL_.jpg","http://i.imgur.com/5zMvOkH.jpg","A writer and wall street trader, Nick, finds himself drawn to the past and lifestyle of his millionaire neighbor, Jay Gatsby."
Moneyball,2011,Drama,"https://m.media-amazon.com/images/M/MV5BMjAxOTU3Mzc1M15BMl5BanBnXkFtZTcwMzk1ODUzNg@@._V1_UX182_CR0,0,182,268_AL_.jpg","https://m.media-amazon.com/images/M/MV5BODM1NDMxMTI3M15BMl5BanBnXkFtZTcwMDAzODY1Ng@@._V1_CR0,53,560,315_AL_UX477_CR0,0,477,268_AL_.jpg","Oakland A's general manager Billy Beane's successful attempt to assemble a baseball team on a lean budget by employing computer-generated analysis to acquire new players."
Baby Driver,2017,Acción,"https://m.media-amazon.com/images/M/MV5BMjM3MjQ1MzkxNl5BMl5BanBnXkFtZTgwODk1ODgyMjI@._V1_UX182_CR0,0,182,268_AL_.jpg","https://i.ytimg.com/vi/_XnNVXahJ2k/maxresdefault.jpg","After being coerced into working for a crime boss, a young getaway driver finds himself taking part in a heist doomed to fail."
Cinderella,2015,Musical,"https://m.media-amazon.com/images/M/MV5BMjMxODYyODEzN15BMl5BanBnXkFtZTgwMDk4OTU0MzE@._V1_UX182_CR0,0,182,268_AL_.jpg","https://images.squarespace-cdn.com/content/v1/59e512ddf43b55c29c71b996/1508700867495-QAZCIBY9QLX4RO39LABT/ke17ZwdGBToddI8pDm48kDsVye9PtWyCaNxc-alovawUqsxRUqqbr1mOJYKfIPR7LoDQ9mXPOjoJoqy81S2I8N_N4V1vUb5AoIIIbLZhVYxCRW4BPu10St3TBAUQYVKcmZWX4DIU9dO0LRl7DyGeByG7RXgf__MqvVk-NH5XiiklnbVHc-tx1lQVELtZ1_Ku/cinderella-1024x652.jpg","When her father unexpectedly dies, young Ella finds herself at the mercy of her cruel stepmother and her scheming stepsisters. Never one to give up hope, Ella's fortunes begin to change after meeting a dashing stranger."
Deadpool 2,2018,Acción,"https://m.media-amazon.com/images/M/MV5BNjk1Njk3YjctMmMyYS00Y2I4LThhMzktN2U0MTMyZTFlYWQ5XkEyXkFqcGdeQXVyODM2ODEzMDA@._V1_UY268_CR43,0,182,268_AL_.jpg","https://i.blogs.es/743328/deadpool2/450_1000.jpg","Foul-mouthed mutant mercenary Wade Wilson (a.k.a. Deadpool), brings together a team of fellow mutant rogues to protect a young boy with supernatural abilities from the brutal, time-traveling cyborg Cable."
Deadpool,2016,Acción,"https://m.media-amazon.com/images/M/MV5BYzE5MjY1ZDgtMTkyNC00MTMyLThhMjAtZGI5OTE1NzFlZGJjXkEyXkFqcGdeQXVyNjU0OTQ0OTY@._V1_UX182_CR0,0,182,268_AL_.jpg","https://i.blogs.es/d50a8e/deadpool-1200x675/1366_2000.jpeg","A wisecracking mercenary gets experimented on and becomes immortal but ugly, and sets out to track down the man who ruined his looks."
The Big Short,2015,Comedia,"https://m.media-amazon.com/images/M/MV5BNDc4MThhN2EtZjMzNC00ZDJmLThiZTgtNThlY2UxZWMzNjdkXkEyXkFqcGdeQXVyNDk3NzU2MTQ@._V1_UX182_CR0,0,182,268_AL_.jpg","https://amp.elfinanciero.com.mx/uploads/2016/01/07/568f29642e336.jpg","In 2006-2007 a group of investors bet against the US mortgage market. In their research they discover how flawed and corrupt the market is."
Avengers,2012,Acción,"https://m.media-amazon.com/images/M/MV5BNDYxNjQyMjAtNTdiOS00NGYwLWFmNTAtNThmYjU5ZGI2YTI1XkEyXkFqcGdeQXVyMTMxODk2OTU@._V1_UX182_CR0,0,182,268_AL_.jpg","https://www.cinepremiere.com.mx/wp-content/uploads/2012/04/avengers-critica-pelicula-1024x559.jpg","Earth's mightiest heroes must come together and learn to fight as a team if they are going to stop the mischievous Loki and his alien army from enslaving humanity."
Spider-Man,2002,Acción,"https://m.media-amazon.com/images/M/MV5BZDEyN2NhMjgtMjdhNi00MmNlLWE5YTgtZGE4MzNjMTRlMGEwXkEyXkFqcGdeQXVyNDUyOTg3Njg@._V1_UX182_CR0,0,182,268_AL_.jpg","https://i.ytimg.com/vi/qm21O3prB5w/maxresdefault.jpg","When bitten by a genetically modified spider, a nerdy, shy, and awkward high school student gains spider-like abilities that he eventually must use to fight evil as a superhero after tragedy befalls his family."
Spider-Man 2,2004,Acción,"https://m.media-amazon.com/images/M/MV5BMzY2ODk4NmUtOTVmNi00ZTdkLTlmOWYtMmE2OWVhNTU2OTVkXkEyXkFqcGdeQXVyMTQxNzMzNDI@._V1_UY268_CR6,0,182,268_AL_.jpg","https://i.blogs.es/e65b90/spiderman2/1366_2000.jpg","Peter Parker is beset with troubles in his failing personal life as he battles a brilliant scientist named Doctor Otto Octavius."
Spider-Man 3,2007,Acción,"https://m.media-amazon.com/images/M/MV5BYTk3MDljOWQtNGI2My00OTEzLTlhYjQtOTQ4ODM2MzUwY2IwXkEyXkFqcGdeQXVyNTIzOTk5ODM@._V1_UX182_CR0,0,182,268_AL_.jpg","https://cdn.hobbyconsolas.com/sites/navi.axelspringer.es/public/styles/1200/public/media/image/2014/04/308986-critica-spider-man-3-2007.jpg?itok=V2beCdCV","A strange black entity from another world bonds with Peter Parker and causes inner turmoil as he contends with new villains, temptations, and revenge."
Spider-Man: Homecoming,2017,Acción,"https://m.media-amazon.com/images/M/MV5BNTk4ODQ1MzgzNl5BMl5BanBnXkFtZTgwMTMyMzM4MTI@._V1_UX182_CR0,0,182,268_AL_.jpg","https://i.blogs.es/9d89b1/cartel-homecoming-spiderman/1366_2000.jpg","Peter Parker balances his life as an ordinary high school student in Queens with his superhero alter-ego Spider-Man, and finds himself on the trail of a new menace prowling the skies of New York City."
Jumanji: Welcome to the Jungle,2017,Comedia,"https://m.media-amazon.com/images/M/MV5BODQ0NDhjYWItYTMxZi00NTk2LWIzNDEtOWZiYWYxZjc2MTgxXkEyXkFqcGdeQXVyMTQxNzMzNDI@._V1_UX182_CR0,0,182,268_AL_.jpg","https://d1nslcd7m2225b.cloudfront.net/Pictures/480xany/3/1/5/1274315_jumanjiwelcometothejungle_587282.jpg","Four teenagers are sucked into a magical video game, and the only way they can escape is to work together to finish the game."
Mamma Mia!,2008,Musical,"https://m.media-amazon.com/images/M/MV5BMTA2MDU0MjM0MzReQTJeQWpwZ15BbWU3MDYwNzgwNzE@._V1_UX182_CR0,0,182,268_AL_.jpg","https://cdn.forbes.com.mx/2018/09/mamma-640x360.jpg","The story of a bride-to-be trying to find her real father told using hit songs by the popular 1970s group ABBA."
Mamma Mia! Here We Go Again,2018,Musical,"https://m.media-amazon.com/images/M/MV5BMjEwMTM3OTI1NV5BMl5BanBnXkFtZTgwNDk5NTY0NTM@._V1_UX182_CR0,0,182,268_AL_.jpg","https://duplosite.files.wordpress.com/2018/08/mamma-mia-here-we-go-again.png?w=940&h=528&crop=1","Five years after the events of Mamma Mia! (2008), Sophie prepares for the grand reopening of the Hotel Bella Donna as she learns more about her mother's past."
Ocean's Eleven,2001,Acción,"https://m.media-amazon.com/images/M/MV5BYzVmYzVkMmUtOGRhMi00MTNmLThlMmUtZTljYjlkMjNkMjJkXkEyXkFqcGdeQXVyNDk3NzU2MTQ@._V1_UX182_CR0,0,182,268_AL_.jpg","https://www.cinemascomics.com/wp-content/uploads/2020/04/oceans-eleven-e1587726879450.jpg","Danny Ocean and his ten accomplices plan to rob three Las Vegas casinos simultaneously."
Ocean's Twelve,2004,Acción,"https://m.media-amazon.com/images/M/MV5BMmJmYzBjNTktMTJjZS00ZGRhLWE1Y2QtOWQxZGU0Y2RmMjkyXkEyXkFqcGdeQXVyMTQxNzMzNDI@._V1_UX182_CR0,0,182,268_AL_.jpg","https://occ-0-444-2705.1.nflxso.net/dnm/api/v6/6AYY37jfdO6hpXcMjf9Yu5cnmO0/AAAABRy8JnWuLSUVWW0PqkY542LGynm_OReJ6ygfo_h3KlzdrL6wI6vjhtiz6s8CHMO5KMmXuifw6ZKqGks_QdqsSXYzuFaq.jpg?r=95d","Daniel Ocean recruits one more team member so he can pull off three major European heists in this sequel to Ocean's Eleven (2001)."
Batman Begins,2005,Acción,"https://m.media-amazon.com/images/M/MV5BOTY4YjI2N2MtYmFlMC00ZjcyLTg3YjEtMDQyM2ZjYzQ5YWFkXkEyXkFqcGdeQXVyMTQxNzMzNDI@._V1_UX182_CR0,0,182,268_AL_.jpg","https://okdiario.com/img/2020/06/16/batman-655x368.jpg","After training with his mentor, Batman begins his fight to free crime-ridden Gotham City from corruption."
The Dark Knight,2008,Acción,"https://m.media-amazon.com/images/M/MV5BMTMxNTMwODM0NF5BMl5BanBnXkFtZTcwODAyMTk2Mw@@._V1_UX182_CR0,0,182,268_AL_.jpg","https://dam.smashmexico.com.mx/wp-content/uploads/2018/07/09202029/the-dark-knight-10-anios-cover.jpg","When the menace known as the Joker wreaks havoc and chaos on the people of Gotham, Batman must accept one of the greatest psychological and physical tests of his ability to fight injustice."
The Dark Knight Rises,2012,Acción,"https://m.media-amazon.com/images/M/MV5BMTk4ODQzNDY3Ml5BMl5BanBnXkFtZTcwODA0NTM4Nw@@._V1_UX182_CR0,0,182,268_AL_.jpg","https://monitorsur.com/wp-content/uploads/dark-knight-rises.jpg","Eight years after the Joker's reign of anarchy, Batman, with the help of the enigmatic Catwoman, is forced from his exile to save Gotham City from the brutal guerrilla terrorist Bane."
The Hunger Games,2012,Acción,"https://m.media-amazon.com/images/M/MV5BMjA4NDg3NzYxMF5BMl5BanBnXkFtZTcwNTgyNzkyNw@@._V1_UX182_CR0,0,182,268_AL_.jpg","https://static2.srcdn.com/wordpress/wp-content/uploads/2019/06/The-Hunger-Games-Movies-Ranked.jpg","Katniss Everdeen voluntarily takes her younger sister's place in the Hunger Games: a televised competition in which two teenagers from each of the twelve Districts of Panem are chosen at random to fight to the death."
X-Men: First Class,2015,Acción,"https://m.media-amazon.com/images/M/MV5BMTg5OTMxNzk4Nl5BMl5BanBnXkFtZTcwOTk1MjAwNQ@@._V1_UX182_CR0,0,182,268_AL_.jpg","https://cdn.onebauer.media/one/empire-tmdb/films/49538/images/39nstYsfjR6ggyKTtB4Joga2fs8.jpg?quality=50&width=1800&ratio=16-9&resizeStyle=aspectfill&format=jpg","In the 1960s, superpowered humans Charles Xavier and Erik Lensherr work together to find others like them, but Erik's vengeful pursuit of an ambitious mutant who ruined his life causes a schism to divide them."
X-Men: Days of Future Past,2015,Acción,"https://m.media-amazon.com/images/M/MV5BZGIzNWYzN2YtMjcwYS00YjQ3LWI2NjMtOTNiYTUyYjE2MGNkXkEyXkFqcGdeQXVyMTQxNzMzNDI@._V1_UX182_CR0,0,182,268_AL_.jpg","https://cdn.onebauer.media/one/empire-tmdb/films/127585/images/ai9UKd8KownQKGIh1m5p3DuEeMm.jpg?quality=50&width=1800&ratio=16-9&resizeStyle=aspectfill&format=jpg","The X-Men send Wolverine to the past in a desperate effort to change history and prevent an event that results in doom for both humans and mutants."
Star Wars: A New Hope,1977,Ciencia ficción,"https://m.media-amazon.com/images/M/MV5BNzVlY2MwMjktM2E4OS00Y2Y3LWE3ZjctYzhkZGM3YzA1ZWM2XkEyXkFqcGdeQXVyNzkwMjQ5NzM@._V1_UX182_CR0,0,182,268_AL_.jpg","https://m.media-amazon.com/images/M/MV5BMTUzNDY0NjY4Nl5BMl5BanBnXkFtZTgwNjY4MTQ0NzE@._V1_CR0,60,640,360_AL_UX477_CR0,0,477,268_AL_.jpg","Luke Skywalker joins forces with a Jedi Knight, a cocky pilot, a Wookiee and two droids to save the galaxy from the Empire's world-destroying battle station, while also attempting to rescue Princess Leia from the mysterious Darth Vader."
Star Wars: The Empire Strikes Back,1980,Ciencia ficción,"https://m.media-amazon.com/images/M/MV5BYmU1NDRjNDgtMzhiMi00NjZmLTg5NGItZDNiZjU5NTU4OTE0XkEyXkFqcGdeQXVyNzkwMjQ5NzM@._V1_UX182_CR0,0,182,268_AL_.jpg","https://www.margaretriver.com/wp-content/uploads/2020/09/6jycQtEorKgmcsi9AeYBrRxlpqu.jpg","After the Rebels are brutally overpowered by the Empire on the ice planet Hoth, Luke Skywalker begins Jedi training with Yoda, while his friends are pursued by Darth Vader and a bounty hunter named Boba Fett all over the galaxy."
Star Wars: Attack of the Clones,2002,Ciencia ficción,"https://m.media-amazon.com/images/M/MV5BMDAzM2M0Y2UtZjRmZi00MzVlLTg4MjEtOTE3NzU5ZDVlMTU5XkEyXkFqcGdeQXVyNDUyOTg3Njg@._V1_UX182_CR0,0,182,268_AL_.jpg","https://i.ytimg.com/vi/gYbW1F_c9eM/maxresdefault.jpg","Ten years after initially meeting, Anakin Skywalker shares a forbidden romance with Padmé Amidala, while Obi-Wan Kenobi investigates an assassination attempt on the senator and discovers a secret clone army crafted for the Jedi."
Star Wars: Revenge of the Sith,2005,Ciencia ficción,"https://m.media-amazon.com/images/M/MV5BNTc4MTc3NTQ5OF5BMl5BanBnXkFtZTcwOTg0NjI4NA@@._V1_UY268_CR9,0,182,268_AL_.jpg","https://www.denofgeek.com/wp-content/uploads/2019/11/star-wars-revenge-sith-hero_0.jpg?resize=768%2C432","Three years into the Clone Wars, the Jedi rescue Palpatine from Count Dooku. As Obi-Wan pursues a new threat, Anakin acts as a double agent between the Jedi Council and Palpatine and is lured into a sinister plan to rule the galaxy."
Star Wars: Return of the Jedi,1983,Ciencia ficción,"https://m.media-amazon.com/images/M/MV5BOWZlMjFiYzgtMTUzNC00Y2IzLTk1NTMtZmNhMTczNTk0ODk1XkEyXkFqcGdeQXVyNTAyODkwOQ@@._V1_UX182_CR0,0,182,268_AL_.jpg","https://cdn20.pamono.com/p/g/5/9/593964_yaneshw35r/star-wars-return-of-the-jedi-poster-by-josh-kirby-1983-1.jpg","After a daring mission to rescue Han Solo from Jabba the Hutt, the Rebels dispatch to Endor to destroy the second Death Star. Meanwhile, Luke struggles to help Darth Vader back from the dark side without falling into the Emperor's trap."
Star Wars: The Phantom Menace,1999,Ciencia ficción,"https://m.media-amazon.com/images/M/MV5BYTRhNjcwNWQtMGJmMi00NmQyLWE2YzItODVmMTdjNWI0ZDA2XkEyXkFqcGdeQXVyNTAyODkwOQ@@._V1_UX182_CR0,0,182,268_AL_.jpg","https://filmdaily.co/wp-content/uploads/2018/05/star-wars-the-phantom-menace.jpg","Two Jedi escape a hostile blockade to find allies and come across a young boy who may bring balance to the Force, but the long dormant Sith resurface to claim their original glory."
Suicide Squad,2016,Acción,"https://m.media-amazon.com/images/M/MV5BMjM1OTMxNzUyM15BMl5BanBnXkFtZTgwNjYzMTIzOTE@._V1_UX182_CR0,0,182,268_AL_.jpg","https://images-na.ssl-images-amazon.com/images/S/sgp-catalog-images/region_US/wb-888574413101-Full-Image_GalleryBackground-en-US-1504651645355._SX1080_.jpg","A secret government agency recruits some of the most dangerous incarcerated super-villains to form a defensive task force. Their first mission: save the world from the apocalypse."
American Psycho,2000,Thriller,"https://m.media-amazon.com/images/M/MV5BZTM2ZGJmNjQtN2UyOS00NjcxLWFjMDktMDE2NzMyNTZlZTBiXkEyXkFqcGdeQXVyNzkwMjQ5NzM@._V1_UX182_CR0,0,182,268_AL_.jpg","https://lh3.googleusercontent.com/proxy/nWntKPpBTd4fYTCzIh6JhEXW-A_OkXrSqZFPeYoIen54rd8txPRBhDlA2OHFjFjzA7BBRthtY_IXjJY-qpEWJWg534jkl6Ip0OL6oR34RTiEnoECJ8cVc1SvPHKlucm4jlgekiQEC5PXQUCOg_I","A wealthy New York City investment banking executive, Patrick Bateman, hides his alternate psychopathic ego from his co-workers and friends as he delves deeper into his violent, hedonistic fantasies."
Wonder Woman,2017,Acción,"https://m.media-amazon.com/images/M/MV5BMTYzODQzYjQtNTczNC00MzZhLTg1ZWYtZDUxYmQ3ZTY4NzA1XkEyXkFqcGdeQXVyODE5NzE3OTE@._V1_UX182_CR0,0,182,268_AL_.jpg","https://hipertextual.com/files/2019/01/hipertextual-wonder-woman-1984-steve-trevor-regreso-2019873442.jpg","When a pilot crashes and tells of conflict in the outside world, Diana, an Amazonian warrior in training, leaves home to fight a war, discovering her full powers and true destiny."
Man of Steel,2013,Acción,"https://m.media-amazon.com/images/M/MV5BMTk5ODk1NDkxMF5BMl5BanBnXkFtZTcwNTA5OTY0OQ@@._V1_UX182_CR0,0,182,268_AL_.jpg","https://dam.smashmexico.com.mx/wp-content/uploads/2018/04/24151751/man-of-steel-primera-pelicula-de-cinco-superman.jpg","An alien child is evacuated from his dying world and sent to Earth to live among humans. His peace is threatened, when other survivors of his home planet invade Earth."
Doctor Strange,2016,Acción,"https://m.media-amazon.com/images/M/MV5BNjgwNzAzNjk1Nl5BMl5BanBnXkFtZTgwMzQ2NjI1OTE@._V1_UX182_CR0,0,182,268_AL_.jpg","https://www.cinemascomics.com/wp-content/uploads/2018/11/marvel-studios-error-linea-temporal-doctor-strange.jpg","While on a journey of physical and spiritual healing, a brilliant neurosurgeon is drawn into the world of the mystic arts."
The Notebook,2015,Romance,"https://m.media-amazon.com/images/M/MV5BMTk3OTM5Njg5M15BMl5BanBnXkFtZTYwMzA0ODI3._V1_UX182_CR0,0,182,268_AL_.jpg","https://imgix.bustle.com/uploads/image/2018/5/9/12ab3a43-bad3-4126-b91e-25de8a2e721b-notebook.jpg?w=1200&h=630&fit=crop&crop=faces&fm=jpg","A poor yet passionate young man falls in love with a rich young woman, giving her a sense of freedom, but they are soon separated because of their social differences."
Iron Man,2008,Acción,"https://m.media-amazon.com/images/M/MV5BMTczNTI2ODUwOF5BMl5BanBnXkFtZTcwMTU0NTIzMw@@._V1_UX182_CR0,0,182,268_AL_.jpg","https://www.cinemascomics.com/wp-content/uploads/2020/05/iron-man-2008-1.jpg","After being held captive in an Afghan cave, billionaire engineer Tony Stark creates a unique weaponized suit of armor to fight evil."
Iron Man 2,2010,Acción,"https://m.media-amazon.com/images/M/MV5BMTM0MDgwNjMyMl5BMl5BanBnXkFtZTcwNTg3NzAzMw@@._V1_UX182_CR0,0,182,268_AL_.jpg","https://cdn.hobbyconsolas.com/sites/navi.axelspringer.es/public/media/image/2019/04/iron-man-2.jpg","With the world now aware of his identity as Iron Man, Tony Stark must contend with both his declining health and a vengeful mad man with ties to his father's legacy."
Iron Man 3,2013,Acción,"https://m.media-amazon.com/images/M/MV5BMjE5MzcyNjk1M15BMl5BanBnXkFtZTcwMjQ4MjcxOQ@@._V1_UY268_CR3,0,182,268_AL_.jpg","https://imagenes.20minutos.es/files/image_656_370/uploads/imagenes/2013/05/28/119914.jpg",""
Captain America: The First Avenger,2011,Acción,"https://m.media-amazon.com/images/M/MV5BMTYzOTc2NzU3N15BMl5BanBnXkFtZTcwNjY3MDE3NQ@@._V1_UX182_CR0,0,182,268_AL_.jpg","https://cdn.mos.cms.futurecdn.net/rNqRoby4d3rr9QCnigVq2B-1200-80.jpeg","Steve Rogers, a rejected military soldier, transforms into Captain America after taking a dose of a Super-Soldier serum. But being Captain America comes at a price as he attempts to take down a war monger and a terrorist organization."
Captain America: Winter Soldier,2014,Acción,"https://m.media-amazon.com/images/M/MV5BMzA2NDkwODAwM15BMl5BanBnXkFtZTgwODk5MTgzMTE@._V1_UY268_CR1,0,182,268_AL_.jpg","https://www.denofgeek.com/wp-content/uploads/2019/03/cap-winter-soldier-main.jpg?fit=1200%2C675","As Steve Rogers struggles to embrace his role in the modern world, he teams up with a fellow Avenger and S.H.I.E.L.D agent, Black Widow, to battle a new threat from history: an assassin known as the Winter Soldier."
Captain America: Civil War,2016,Acción,"https://m.media-amazon.com/images/M/MV5BMjQ0MTgyNjAxMV5BMl5BanBnXkFtZTgwNjUzMDkyODE@._V1_UX182_CR0,0,182,268_AL_.jpg","https://i2.wp.com/www.disneytouristblog.com/wp-content/uploads/2016/05/captain_america_civil_war.jpg?ssl=1","Political involvement in the Avengers' affairs causes a rift between Captain America and Iron Man."
21 Jump Street,2012,Comedia,"https://m.media-amazon.com/images/M/MV5BNTZjNzRjMTMtZDMzNy00Y2ZjLTg0OTAtZjVhNzYyZmJjOTljXkEyXkFqcGdeQXVyODE5NzE3OTE@._V1_UX182_CR0,0,182,268_AL_.jpg","https://www.cinemascomics.com/wp-content/uploads/2018/10/21-jump-street-spin-off.jpg","A pair of underachieving cops are sent back to a local high school to blend in and bring down a synthetic drug ring."
Knives Out,2019,Comedia,"https://m.media-amazon.com/images/M/MV5BMGUwZjliMTAtNzAxZi00MWNiLWE2NzgtZGUxMGQxZjhhNDRiXkEyXkFqcGdeQXVyNjU1NzU3MzE@._V1_UX182_CR0,0,182,268_AL_.jpg","https://wipy.tv/wp-content/uploads/2020/02/Secuela-de-Knives-Out-ya-está-en-desarrollo.jpg","A detective investigates the death of a patriarch of an eccentric, combative family."
Blade Runner 2049,2017,Ciencia ficción,"https://m.media-amazon.com/images/M/MV5BNzA1Njg4NzYxOV5BMl5BanBnXkFtZTgwODk5NjU3MzI@._V1_UX182_CR0,0,182,268_AL_.jpg","https://cadenaser00.epimg.net/programa/imagenes/2018/02/08/la_script/1518089290_959225_1518094071_sumario_normal.jpg","Young Blade Runner K's discovery of a long-buried secret leads him to track down former Blade Runner Rick Deckard, who's been missing for thirty years."
Mad Max: Fury Road,2015,Acción,"https://m.media-amazon.com/images/M/MV5BN2EwM2I5OWMtMGQyMi00Zjg1LWJkNTctZTdjYTA4OGUwZjMyXkEyXkFqcGdeQXVyMTMxODk2OTU@._V1_UX182_CR0,0,182,268_AL_.jpg","https://cnet4.cbsistatic.com/img/zYj9LePB_sT2R-N0xPDzvi8_qKs=/1200x675/2015/05/13/71a6801d-4562-49e8-bfc7-d62a47b70307/mad-max-fury-road-hardy-theron.jpg","In a post-apocalyptic wasteland, a woman rebels against a tyrannical ruler in search for her homeland with the aid of a group of female prisoners, a psychotic worshiper, and a drifter named Max."
22 Jump Street,2014,Comedia,"https://m.media-amazon.com/images/M/MV5BMTcwNzAxMDU1M15BMl5BanBnXkFtZTgwNDE2NTU1MTE@._V1_UX182_CR0,0,182,268_AL_.jpg","https://sm.ign.com/t/ign_latam/screenshot/default/22-jump-street-review_5xd6.1280.jpg","After making their way through high school (twice), big changes are in store for officers Schmidt and Jenko when they go deep undercover at a local college."
The Amazing Spider-Man 2,2014,Acción,"https://m.media-amazon.com/images/M/MV5BOTA5NDYxNTg0OV5BMl5BanBnXkFtZTgwODE5NzU1MTE@._V1_UX182_CR0,0,182,268_AL_.jpg","https://i.blogs.es/0303bf/poster-the-amazing-spiderman-2/450_1000.jpg","When New York is put under siege by Oscorp, it is up to Spider-Man to save the city he swore to protect as well as his loved ones."
La La Land,2016,Musical,"https://m.media-amazon.com/images/M/MV5BMzUzNDM2NzM2MV5BMl5BanBnXkFtZTgwNTM3NTg4OTE@._V1_UX182_CR0,0,182,268_AL_.jpg","https://occ-0-999-444.1.nflxso.net/dnm/api/v6/E8vDc_W8CLv7-yMQu8KMEC7Rrr8/AAAABRxjxdaw_B09VSlCVUCH9ZflQhVlUjJXxElTEE4f_x0_jaib0el14NzHbhsbvQelV1ZHV8Th7n6pscq4nEFcDNSOx5am.jpg?r=cee","While navigating their careers in Los Angeles, a pianist and an actress fall in love while attempting to reconcile their aspirations for the future."
Avengers: Age of Ultron,2015,Acción,"https://m.media-amazon.com/images/M/MV5BMTM4OGJmNWMtOTM4Ni00NTE3LTg3MDItZmQxYjc4N2JhNmUxXkEyXkFqcGdeQXVyNTgzMDMzMTg@._V1_UX182_CR0,0,182,268_AL_.jpg","https://updatemexico.com/wp-content/uploads/2020/04/avengers-age-of-ultron-banner.jpg","When Tony Stark and Bruce Banner try to jump-start a dormant peacekeeping program called Ultron, things go horribly wrong and it's up to Earth's mightiest heroes to stop the villainous Ultron from enacting his terrible plan."
Avengers: Infinity War,2018,Acción,"https://m.media-amazon.com/images/M/MV5BMjMxNjY2MDU1OV5BMl5BanBnXkFtZTgwNzY1MTUwNTM@._V1_UX182_CR0,0,182,268_AL_.jpg","https://hipertextual.com/files/2018/05/marvel-avengers-infinity-war-poster-oficial-cover.jpg","The Avengers and their allies must be willing to sacrifice all in an attempt to defeat the powerful Thanos before his blitz of devastation and ruin puts an end to the universe."
Avengers: Endgame,2019,Acción,"https://m.media-amazon.com/images/M/MV5BMTc5MDE2ODcwNV5BMl5BanBnXkFtZTgwMzI2NzQ2NzM@._V1_UX182_CR0,0,182,268_AL_.jpg","https://cnet1.cbsistatic.com/img/8hCTVdv5PbjQe3QwbS17Sw9CTPo=/1200x675/2019/04/25/9277c764-601d-4ab3-85f9-9c39d7f1ac5a/avengers-endgame-promo-crop.jpg","After the devastating events of Avengers: Infinity War (2018), the universe is in ruins. With the help of remaining allies, the Avengers assemble once more in order to reverse Thanos' actions and restore balance to the universe."
No Time to Die,2021,Acción,"https://m.media-amazon.com/images/M/MV5BYmQ3MTY4NDUtOWExZi00OGQxLTgzNmQtODI1MTFkZjMyMDY0XkEyXkFqcGdeQXVyODk2NDQ3MTA@._V1_UX182_CR0,0,182,268_AL_.jpg","https://www.freim.tv/wp-content/uploads/2020/10/no-time-to-die.jpg","James Bond has left active service. His peace is short-lived when Felix Leiter, an old friend from the CIA, turns up asking for help, leading Bond onto the trail of a mysterious villain armed with dangerous new technology."
Aquaman,2018,Acción,"https://m.media-amazon.com/images/M/MV5BOTk5ODg0OTU5M15BMl5BanBnXkFtZTgwMDQ3MDY3NjM@._V1_UX182_CR0,0,182,268_AL_.jpg","https://i.blogs.es/12a5f3/aquaman-image2/1366_2000.jpg","Arthur Curry, the human-born heir to the underwater kingdom of Atlantis, goes on a quest to prevent a war between the worlds of ocean and land."
Batman v Superman: Dawn of Justice,2016,Acción,"https://m.media-amazon.com/images/M/MV5BYThjYzcyYzItNTVjNy00NDk0LTgwMWQtYjMwNmNlNWJhMzMyXkEyXkFqcGdeQXVyMTQxNzMzNDI@._V1_UX182_CR0,0,182,268_AL_.jpg","https://sm.ign.com/t/ign_latam/screenshot/default/batmnvsuper1_xvef.1280.jpg","Fearing that the actions of Superman are left unchecked, Batman takes on the Man of Steel, while the world wrestles with what kind of a hero it really needs."
Justice League,2017,Acción,"https://m.media-amazon.com/images/M/MV5BYWVhZjZkYTItOGIwYS00NmRkLWJlYjctMWM0ZjFmMDU4ZjEzXkEyXkFqcGdeQXVyMTMxODk2OTU@._V1_UX182_CR0,0,182,268_AL_.jpg","https://as02.epimg.net/meristation/imagenes/2021/01/29/noticias/1611929945_725616_1611930136_noticia_normal_recorte1.jpg","Fueled by his restored faith in humanity and inspired by Superman's selfless act, Bruce Wayne enlists the help of his new-found ally, Diana Prince, to face an even greater enemy"
Matrix,1999,Ciencia ficción,"https://m.media-amazon.com/images/M/MV5BNzQzOTk3OTAtNDQ0Zi00ZTVkLWI0MTEtMDllZjNkYzNjNTc4L2ltYWdlXkEyXkFqcGdeQXVyNjU0OTQ0OTY@._V1_UX182_CR0,0,182,268_AL_.jpg","https://e00-elmundo.uecdn.es/assets/multimedia/imagenes/2019/12/12/15761538684773.jpg","When a beautiful stranger leads computer hacker Neo to a forbidding underworld, he discovers the shocking truth--the life he knows is the elaborate deception of an evil cyber-intelligence."
John Wick,2014,Acción,"https://m.media-amazon.com/images/M/MV5BMTU2NjA1ODgzMF5BMl5BanBnXkFtZTgwMTM2MTI4MjE@._V1_UX182_CR0,0,182,268_AL_.jpg","https://media.gq.com.mx/photos/5ce19f41d09b9ac33d16885a/16:9/w_1920,c_limit/john%20wick%203.jpg","An ex-hit-man comes out of retirement to track down the gangsters that killed his dog and took everything from him."
John Wick: Chapter 2,2017,Acción,"https://m.media-amazon.com/images/M/MV5BMjE2NDkxNTY2M15BMl5BanBnXkFtZTgwMDc2NzE0MTI@._V1_UX182_CR0,0,182,268_AL_.jpg","https://cdn.cloudflare.steamstatic.com/steam/apps/590780/header.jpg?t=1599589655","After returning to the criminal underworld to repay a debt, John Wick discovers that a large bounty has been put on his life."
John Wick: Chapter 3 - Parabellum,2019,Acción,"https://m.media-amazon.com/images/M/MV5BMDg2YzI0ODctYjliMy00NTU0LTkxODYtYTNkNjQwMzVmOTcxXkEyXkFqcGdeQXVyNjg2NjQwMDQ@._V1_UX182_CR0,0,182,268_AL_.jpg","https://cdn.vox-cdn.com/thumbor/Dc8bBshDmxtKUCeTFovjt_pz_bM=/0x0:1777x999/1200x800/filters:focal(708x235:992x519)/cdn.vox-cdn.com/uploads/chorus_image/image/63756879/parabellumcover.0.jpg","John Wick is on the run after killing a member of the international assassins' guild, and with a $14 million price tag on his head, he is the target of hit men and women everywhere."
10 Things I Hate About You,1999,Romance,"https://m.media-amazon.com/images/M/MV5BMmVhZjhlZDYtMDAwZi00MDcyLTgzOTItOWNiZjY0YmE0MGE0XkEyXkFqcGdeQXVyMTQxNzMzNDI@._V1_UX182_CR0,0,182,268_AL_.jpg","https://townsquare.media/site/442/files/2014/03/10-Things-I-Hate-About-You.jpg?w=1200&h=0&zc=1&s=0&a=t&q=89","A pretty, popular teenager can't go out on a date until her ill-tempered older sister does."
Spider-Man: Far From Home,2019,Acción,"https://m.media-amazon.com/images/M/MV5BMGZlNTY1ZWUtYTMzNC00ZjUyLWE0MjQtMTMxN2E3ODYxMWVmXkEyXkFqcGdeQXVyMDM2NDM2MQ@@._V1_UX182_CR0,0,182,268_AL_.jpg","https://miro.medium.com/max/3840/1*g-LMeGI4vBDeEMdjHzz9xA.jpeg","Following the events of Avengers: Endgame (2019), Spider-Man must step up to take on new threats in a world that has changed forever."
Brokeback Mountain,2005,Romance,"https://m.media-amazon.com/images/M/MV5BMTY5NTAzNTc1NF5BMl5BanBnXkFtZTYwNDY4MDc3._V1_UX182_CR0,0,182,268_AL_.jpg","https://media.revistagq.com/photos/5ca5f5d8d71dd93ec1957bc7/master/pass/brokeback_mountain_6716.jpg","The story of a forbidden and secretive relationship between two cowboys, and their lives over the years."
Zodiac,2007,Crimen,"https://m.media-amazon.com/images/M/MV5BN2UwNDc5NmEtNjVjZS00OTI5LWE5YjctMWM3ZjBiZGYwMGI2XkEyXkFqcGdeQXVyNzkwMjQ5NzM@._V1_UX182_CR0,0,182,268_AL_.jpg","https://gonewiththetwins.com/new/wp-content/uploads/2016/06/zodiac.jpg","In the late 1960s/early 1970s, a San Francisco cartoonist becomes an amateur detective obsessed with tracking down the Zodiac Killer, an unidentified individual who terrorizes Northern California with a killing spree."
The Vow,2012,Romance,"https://m.media-amazon.com/images/M/MV5BMjE1OTU5MjU0N15BMl5BanBnXkFtZTcwMzI3OTU5Ng@@._V1_UX182_CR0,0,182,268_AL_.jpg","https://pyxis.nymag.com/v1/imgs/d73/bd2/eb8984aa39bce15224a81fcc14a1cbb70e-09-thevow.rsocial.w1200.jpg","A car accident puts Paige in a coma, and when she wakes up with severe memory loss, her husband Leo works to win her heart again."
Crazy Stupid Love,2011,Comedia,"https://m.media-amazon.com/images/M/MV5BMTg2MjkwMTM0NF5BMl5BanBnXkFtZTcwMzc4NDg2NQ@@._V1_UX182_CR0,0,182,268_AL_.jpg","https://images.amcnetworks.com/amctv.es/wp-content/uploads/2017/01/Crazy-Stupid-Love.jpg","A middle-aged husband's life changes dramatically when his wife asks him for a divorce. He seeks to rediscover his manhood with the help of a newfound friend, Jacob, learning to pick up girls at bars."
Harry Potter and the Philosopher's Stone,2001,Fantasía,"https://m.media-amazon.com/images/M/MV5BNjQ3NWNlNmQtMTE5ZS00MDdmLTlkZjUtZTBlM2UxMGFiMTU3XkEyXkFqcGdeQXVyNjUwNzk3NDc@._V1_UX182_CR0,0,182,268_AL_.jpg","https://upload.wikimedia.org/wikipedia/en/7/7a/Harry_Potter_and_the_Philosopher%27s_Stone_banner.jpg","An orphaned boy enrolls in a school of wizardry, where he learns the truth about himself, his family and the terrible evil that haunts the magical world."
Harry Potter and the Chamber of Secrets,2002,Fantasía,"https://m.media-amazon.com/images/M/MV5BMTcxODgwMDkxNV5BMl5BanBnXkFtZTYwMDk2MDg3._V1_UX182_CR0,0,182,268_AL_.jpg","https://images2.vudu.com/background/10323-576a.jpg","An ancient prophecy seems to be coming true when a mysterious presence begins stalking the corridors of a school of magic and leaving its victims paralyzed."
Harry Potter and the Prisioner of Azkaban,2004,Fantasía,"https://m.media-amazon.com/images/M/MV5BMTY4NTIwODg0N15BMl5BanBnXkFtZTcwOTc0MjEzMw@@._V1_UX182_CR0,0,182,268_AL_.jpg","https://upload.wikimedia.org/wikipedia/en/b/bc/Prisoner_of_azkaban_UK_poster.jpg","Harry Potter, Ron and Hermione return to Hogwarts School of Witchcraft and Wizardry for their third year of study, where they delve into the mystery surrounding an escaped prisoner who poses a dangerous threat to the young wizard."
Harry Potter and the Goblet of Fire,2005,Fantasía,"https://m.media-amazon.com/images/M/MV5BMTI1NDMyMjExOF5BMl5BanBnXkFtZTcwOTc4MjQzMQ@@._V1_UX182_CR0,0,182,268_AL_.jpg","https://upload.wikimedia.org/wikipedia/en/c/c9/Harry_Potter_and_the_Goblet_of_Fire_Poster.jpg","Harry Potter finds himself competing in a hazardous tournament between rival schools of magic, but he is distracted by recurring nightmares."
Harry Potter and the Order of the Phoenix,2007,Fantasía,"https://m.media-amazon.com/images/M/MV5BMTM0NTczMTUzOV5BMl5BanBnXkFtZTYwMzIxNTg3._V1_UX182_CR0,0,182,268_AL_.jpg","https://upload.wikimedia.org/wikipedia/en/e/e7/Harry_Potter_and_the_Order_of_the_Phoenix_poster.jpg","With their warning about Lord Voldemort's return scoffed at, Harry and Dumbledore are targeted by the Wizard authorities as an authoritarian bureaucrat slowly seizes power at Hogwarts."
Harry Potter and the Half-Blood Prince,2009,Fantasía,"https://m.media-amazon.com/images/M/MV5BNzU3NDg4NTAyNV5BMl5BanBnXkFtZTcwOTg2ODg1Mg@@._V1_UX182_CR0,0,182,268_AL_.jpg","https://pyxis.nymag.com/v1/imgs/72f/707/3fc542812dba415d446dabec3f697627b0-08-harry-potter.2x.rsocial.w600.jpg","As Harry Potter begins his sixth year at Hogwarts, he discovers an old book marked as the property of the Half-Blood Prince and begins to learn more about Lord Voldemort's dark past."
Harry Potter and the Deathly Hallows: Part 1,2010,Fantasía,"https://m.media-amazon.com/images/M/MV5BMTQ2OTE1Mjk0N15BMl5BanBnXkFtZTcwODE3MDAwNA@@._V1_UX182_CR0,0,182,268_AL_.jpg","https://i.ytimg.com/vi/Jr9OQROqxzE/maxresdefault.jpg","As Harry, Ron, and Hermione race against time and evil to destroy the Horcruxes, they uncover the existence of the three most powerful objects in the wizarding world: the Deathly Hallows."
Harry Potter and the Deathly Hallows: Part 2,2011,Fantasía,"https://m.media-amazon.com/images/M/MV5BMGVmMWNiMDktYjQ0Mi00MWIxLTk0N2UtN2ZlYTdkN2IzNDNlXkEyXkFqcGdeQXVyODE5NzE3OTE@._V1_UX182_CR0,0,182,268_AL_.jpg","http://microcapmag.com/wp-content/uploads/y20utinjnzgsdqtzabj0.jpg","Harry, Ron, and Hermione search for Voldemort's remaining Horcruxes in their effort to destroy the Dark Lord as the final battle rages on at Hogwarts."
Beauty and the Beast,2017,Fantasía,"https://m.media-amazon.com/images/M/MV5BMTUwNjUxMTM4NV5BMl5BanBnXkFtZTgwODExMDQzMTI@._V1_UX182_CR0,0,182,268_AL_.jpg","https://i.ytimg.com/vi/e3Nl_TCQXuw/maxresdefault.jpg","A selfish Prince is cursed to become a monster for the rest of his life, unless he learns to fall in love with a beautiful young woman he keeps prisoner."
Now You See Me,2013,Crimen,"https://m.media-amazon.com/images/M/MV5BMTY0NDY3MDMxN15BMl5BanBnXkFtZTcwOTM5NzMzOQ@@._V1_UX182_CR0,0,182,268_AL_.jpg","https://viniloblog.com/wp-content/uploads/2020/05/now-you-see-me-2020.jpg","An F.B.I. Agent and an Interpol Detective track a team of illusionists who pull off bank heists during their performances, and reward their audiences with the money."
Now You See Me 2,2016,Crimen,"https://m.media-amazon.com/images/M/MV5BYjhlNDljNTgtZjc4My00NmZmLTk2YzAtYWE5MDYwYjM4MTkzXkEyXkFqcGdeQXVyODE5NzE3OTE@._V1_UX182_CR0,0,182,268_AL_.jpg","https://occ-0-33-37.1.nflxso.net/dnm/api/v6/E8vDc_W8CLv7-yMQu8KMEC7Rrr8/AAAABW-AvZ6qeKHo9sj7Vbq3ZLiSpOA7vYfdGu9YlSNSal2OvQpFO6qmNa1gGRxRjvnltG1tjp3VCWC8G3frNtf-sgSk5rlh.jpg?r=e18","The Four Horsemen resurface, and are forcibly recruited by a tech genius to pull off their most impossible heist yet."
The Social Network,2010,Drama,"https://m.media-amazon.com/images/M/MV5BOGUyZDUxZjEtMmIzMC00MzlmLTg4MGItZWJmMzBhZjE0Mjc1XkEyXkFqcGdeQXVyMTMxODk2OTU@._V1_UX182_CR0,0,182,268_AL_.jpg","https://www.tonica.la/__export/1547334437994/sites/debate/img/2019/01/12/the-social-network-2_crop1547334343803.jpg_554688468.jpg","As Harvard student Mark Zuckerberg creates the social networking site that would become known as Facebook, he is sued by the twins who claimed he stole their idea, and by the co-founder who was later squeezed out of the business."
Baywatch,2017,Acción,"https://m.media-amazon.com/images/M/MV5BNTA4MjQ0ODQzNF5BMl5BanBnXkFtZTgwNzA5NjYzMjI@._V1_UX182_CR0,0,182,268_AL_.jpg","https://img.ecartelera.com/noticias/fotos/51300/51356/1.jpg","Devoted lifeguard Mitch Buchannon butts heads with a brash new recruit, as they uncover a criminal plot that threatens the future of the bay."
The Greatest Showman,2017,Musical,"https://m.media-amazon.com/images/M/MV5BMjI1NDYzNzY2Ml5BMl5BanBnXkFtZTgwODQwODczNTM@._V1_UY268_CR0,0,182,268_AL_.jpg","https://arc-anglerfish-arc2-prod-copesa.s3.amazonaws.com/public/HV72VKZUJJCH3PW2FLJG5FEIAU.jpg","Celebrates the birth of show business and tells of a visionary who rose from nothing to create a spectacle that became a worldwide sensation."
Hobbs & Shaw,2019,Acción,"https://m.media-amazon.com/images/M/MV5BOTIzYmUyMmEtMWQzNC00YzExLTk3MzYtZTUzYjMyMmRiYzIwXkEyXkFqcGdeQXVyMDM2NDM2MQ@@._V1_UY268_CR1,0,182,268_AL_.jpg","https://m.media-amazon.com/images/S/aplus-media/vc/a5958a7e-b012-40f2-be09-2880fc15e5c1.__CR0,0,970,300_PT0_SX970_V1___.jpg","Lawman Luke Hobbs (Dwayne The Rock Johnson) and outcast Deckard Shaw (Jason Statham) form an unlikely alliance when a cyber-genetically enhanced villain threatens the future of humanity."
Extremely Wicked Shockingly Evil and Vile,2019,Drama,"https://m.media-amazon.com/images/M/MV5BMjM4ZjY5ZmQtNjUwYi00Yzk2LWIwNmMtYTg1NmU0MWExZTMzXkEyXkFqcGdeQXVyMTg2MDEyMzM@._V1_UX182_CR0,0,182,268_AL_.jpg","https://www.thesun.co.uk/wp-content/uploads/2019/02/NINTCHDBPICT000464476625-e1549271700499.jpg","A chronicle of the crimes of Ted Bundy from the perspective of Liz, his longtime girlfriend, who refused to believe the truth about him for years."
Mirror Mirror,2012,Fantasía,"https://m.media-amazon.com/images/M/MV5BMTExMjU4MTUwNTVeQTJeQWpwZ15BbWU3MDk2MzkwMjc@._V1_UX182_CR0,0,182,268_AL_.jpg","https://media.npr.org/assets/img/2012/03/28/m-446_08826_rgb_wide-1b04a1783e26fa8a324ae467f9859429c1a75aca.jpg?s=1400","An evil queen steals control of a kingdom and an exiled princess enlists the help of seven resourceful rebels to win back her birthright."
Interstellar,2014,Ciencia Ficción,"https://m.media-amazon.com/images/M/MV5BZjdkOTU3MDktN2IxOS00OGEyLWFmMjktY2FiMmZkNWIyODZiXkEyXkFqcGdeQXVyMTMxODk2OTU@._V1_UX182_CR0,0,182,268_AL_.jpg","https://images.squarespace-cdn.com/content/v1/5a78ab8490badee028bef0e9/1568935524292-TPSLMXHD9HE6PKN02YOG/ke17ZwdGBToddI8pDm48kPTrHXgsMrSIMwe6YW3w1AZ7gQa3H78H3Y0txjaiv_0fDoOvxcdMmMKkDsyUqMSsMWxHk725yiiHCCLfrh8O1z4YTzHvnKhyp6Da-NYroOW3ZGjoBKy3azqku80C789l0k5fwC0WRNFJBIXiBeNI5fKTrY37saURwPBw8fO2esROAxn-RKSrlQamlL27g22X2A/Interstellar.jpg","A team of explorers travel through a wormhole in space in an attempt to ensure humanity's survival."
Zombieland,2009,Comedia,"https://m.media-amazon.com/images/M/MV5BMTU5MDg0NTQ1N15BMl5BanBnXkFtZTcwMjA4Mjg3Mg@@._V1_UY268_CR5,0,182,268_AL_.jpg","https://i.ytimg.com/vi/2PHSJ8705Zg/maxresdefault.jpg","A shy student trying to reach his family in Ohio, a gun-toting tough guy trying to find the last Twinkie, and a pair of sisters trying to get to an amusement park join forces to travel across a zombie-filled America."
Zombieland: Double Tap,2019,Comedia,"https://m.media-amazon.com/images/M/MV5BYjcwNjZhNGYtOGNlNy00NGI3LTlmODMtMGZlMjA3YjA0Njg0XkEyXkFqcGdeQXVyMDM2NDM2MQ@@._V1_UX182_CR0,0,182,268_AL_.jpg","https://cdn.hobbyconsolas.com/sites/navi.axelspringer.es/public/media/image/2019/10/zombieland-2.jpg","Columbus, Tallahassee, Wichita, and Little Rock move to the American heartland as they face off against evolved zombies, fellow survivors, and the growing pains of the snarky makeshift family."
American Hustle,2013,Crimen,"https://m.media-amazon.com/images/M/MV5BMmM4YzJjZGMtNjQxMy00NjdlLWJjYTItZWZkYzdhOTdhNzFiXkEyXkFqcGdeQXVyMTMxODk2OTU@._V1_UX182_CR0,0,182,268_AL_.jpg","https://api.time.com/wp-content/uploads/2014/10/ap910210324519.jpg","A con man, Irving Rosenfeld, along with his seductive partner Sydney Prosser, is forced to work for a wild F.B.I. Agent, Richie DiMaso, who pushes them into a world of Jersey powerbrokers and the Mafia."
Arrival,2016,Ciencia Ficción,"https://m.media-amazon.com/images/M/MV5BMTExMzU0ODcxNDheQTJeQWpwZ15BbWU4MDE1OTI4MzAy._V1_UX182_CR0,0,182,268_AL_.jpg","https://lh3.googleusercontent.com/proxy/ESFfshWCmz11OMo9YL3exqqUQU1vmGdZdzlLzdkFgr3wwP-SAdwI0OOSdBFib6N531lkbHaZ0yxnU5kOhs6VpFCX9NtZKkN2E3gQwcvh2eTiR6xFYw","A linguist works with the military to communicate with alien lifeforms after twelve mysterious spacecrafts appear around the world."
The Man from U.N.C.L.E.,2015,Acción,"https://m.media-amazon.com/images/M/MV5BOTZmMWFhYmQtZDE5YS00YzBlLWJlOGEtYzAwNGU1YzVlYjZlXkEyXkFqcGdeQXVyNzkwMjQ5NzM@._V1_UX182_CR0,0,182,268_AL_.jpg","https://www.bandassonoras.co/wp-content/uploads/2018/02/manfromuncle-armiehammer-henrycavill-rooftop.jpg","In the early 1960s, CIA agent Napoleon Solo and KGB operative Illya Kuryakin participate in a joint mission against a mysterious criminal organization, which is working to proliferate nuclear weapons."
The Amazing Spider-Man,2012,Acción,"https://m.media-amazon.com/images/M/MV5BMjMyOTM4MDMxNV5BMl5BanBnXkFtZTcwNjIyNzExOA@@._V1_UX182_CR0,0,182,268_AL_.jpg","https://cdn.hobbyconsolas.com/sites/navi.axelspringer.es/public/styles/1200/public/media/image/2013/06/230866-ya-tienen-fecha-estreno-amazing-spider-man-3-4.jpg?itok=A1qMYhgx","After Peter Parker is bitten by a genetically altered spider, he gains newfound, spider-like powers and ventures out to save the city from the machinations of a mysterious reptilian foe."